source_file,source_type,source_location,evidence_level,check_type,source_a,source_b,key,value_a,value_b,result,confidence,evidence_a,evidence_b,note,match_basis,compliance_status,specification_conflicts_json,candidate_count
D:\github\ezdxf\dwg_batch_tool\regression_semantics\acceptance_inputs\model.ifc,CrossReference,IFC_OBJECT_VS_BOQ,DERIVED,IFC_OBJECT_VS_BOQ,D:\github\ezdxf\dwg_batch_tool\regression_semantics\acceptance_inputs\model.ifc,,SCADA,SCADA,,NOT_APPLICABLE,0,"{""source_file"": ""D:\\github\\ezdxf\\dwg_batch_tool\\regression_semantics\\acceptance_inputs\\model.ifc"", ""source_type"": ""IFC"", ""source_location"": ""#3"", ""evidence_level"": ""PARSED"", ""object_id"": ""3"", ""object_type"": ""IfcDistributionSystem"", ""name"": ""SCADA"", ""tag"": null, ""guid"": ""1xONWmPpjBP8WNgn28oRYR"", ""level"": null, ""space"": null, ""system"": null, ""x"": null, ""y"": null, ""z"": null, ""width"": null, ""height"": null, ""length"": null, ""boq_compare_eligible"": false, ""comparison_role"": ""REFERENCE_ONLY"", ""specification"": null, ""properties_json"": ""{\""ObjectType\"": null, \""Tag\"": null, \""property_sets\"": {}, \""relationships\"": [], \""coordinate_units\"": \""IFC project units\""}"", ""raw_name"": ""SCADA"", ""normalized_name"": ""SCADA""}",{},REFERENCE_ONLY: outside equipment comparison scope.,REFERENCE_ONLY,NOT_EVALUATED,,
D:\github\ezdxf\dwg_batch_tool\regression_semantics\acceptance_inputs\model.ifc,CrossReference,IFC_OBJECT_VS_BOQ,DERIVED,IFC_OBJECT_VS_BOQ,D:\github\ezdxf\dwg_batch_tool\regression_semantics\acceptance_inputs\model.ifc,,EQUIPMENTROOM,Equipment Room,,NOT_APPLICABLE,0,"{""source_file"": ""D:\\github\\ezdxf\\dwg_batch_tool\\regression_semantics\\acceptance_inputs\\model.ifc"", ""source_type"": ""IFC"", ""source_location"": ""#2"", ""evidence_level"": ""PARSED"", ""object_id"": ""2"", ""object_type"": ""IfcSpace"", ""name"": ""Equipment Room"", ""tag"": null, ""guid"": ""3vCDDt05T5RB0qnn0tjugN"", ""level"": null, ""space"": null, ""system"": null, ""x"": null, ""y"": null, ""z"": null, ""width"": null, ""height"": null, ""length"": null, ""boq_compare_eligible"": false, ""comparison_role"": ""REFERENCE_ONLY"", ""specification"": null, ""properties_json"": ""{\""ObjectType\"": null, \""Tag\"": null, \""property_sets\"": {}, \""relationships\"": [], \""coordinate_units\"": \""IFC project units\""}"", ""raw_name"": ""Equipment Room"", ""normalized_name"": ""EQUIPMENTROOM""}",{},REFERENCE_ONLY: outside equipment comparison scope.,REFERENCE_ONLY,NOT_EVALUATED,,
D:\github\ezdxf\dwg_batch_tool\regression_semantics\acceptance_inputs\drawing.dxf,CrossReference,CAD_OBJECT_VS_BOQ,DERIVED,CAD_OBJECT_VS_BOQ,D:\github\ezdxf\dwg_batch_tool\regression_semantics\acceptance_inputs\drawing.dxf,D:\github\ezdxf\dwg_batch_tool\regression_semantics\acceptance_inputs\boq.csv,UPS01,UPS-01,UPS-01,MISMATCH,1,"{""source_file"": ""D:\\github\\ezdxf\\dwg_batch_tool\\regression_semantics\\acceptance_inputs\\drawing.dxf"", ""source_type"": ""CAD"", ""source_location"": ""32"", ""evidence_level"": ""PARSED"", ""object_id"": ""7a3426c2be88:32"", ""object_type"": ""INSERT"", ""name"": ""UPS-01"", ""properties_json"": ""{\""file\"": \""D:\\\\github\\\\ezdxf\\\\dwg_batch_tool\\\\regression_semantics\\\\acceptance_inputs\\\\drawing.dxf\"", \""layer\"": \""0\"", \""block_name\"": \""UPS-01\"", \""x\"": 1.0, \""y\"": 2.0, \""z\"": 3.0, \""rotation\"": 0, \""xscale\"": 1, \""yscale\"": 1, \""zscale\"": 1, \""handle\"": \""32\"", \""context\"": \""\"", \""attributes\"": [{\""file\"": \""D:\\\\github\\\\ezdxf\\\\dwg_batch_tool\\\\regression_semantics\\\\acceptance_inputs\\\\drawing.dxf\"", \""layer\"": \""0\"", \""block_name\"": \""UPS-01\"", \""tag\"": \""SPECIFICATION\"", \""text\"": \""Voltage: 220 V\"", \""x\"": 0.0, \""y\"": 0.0, \""z\"": 0.0, \""handle\"": \""34\"", \""parent_handle\"": \""32\""}]}"", ""layer"": ""0"", ""handle"": ""32"", ""x"": 1.0, ""y"": 2.0, ""z"": 3.0, ""context"": """", ""specification"": ""Voltage: 220 V"", ""raw_name"": ""UPS-01"", ""normalized_name"": ""UPS01""}","{""source_file"": ""D:\\github\\ezdxf\\dwg_batch_tool\\regression_semantics\\acceptance_inputs\\boq.csv"", ""source_type"": ""Excel"", ""source_location"": ""CSV!row:2"", ""evidence_level"": ""PARSED"", ""sheet"": ""CSV"", ""row_number"": 2, ""item_no"": ""1"", ""model"": ""UPS-01"", ""specification"": ""Voltage: 110 V"", ""quantity"": 1.0, ""unit_price"": """", ""amount"": """", ""raw_name"": ""UPS-01"", ""normalized_name"": ""UPS01""}","Names/specification statements only; quantity, delivery and requirement compliance are not evaluated.",SPECIFICATION_CONFLICT,NOT_EVALUATED,"[{""property"": ""voltage"", ""unit"": ""v"", ""value_a"": ""220"", ""value_b"": ""110"", ""raw_a"": ""Voltage: 220 V"", ""raw_b"": ""Voltage: 110 V""}]",1
D:\github\ezdxf\dwg_batch_tool\regression_semantics\acceptance_inputs\drawing.dxf,CrossReference,CAD_OBJECT_VS_BOQ,DERIVED,CAD_OBJECT_VS_BOQ,D:\github\ezdxf\dwg_batch_tool\regression_semantics\acceptance_inputs\drawing.dxf,D:\github\ezdxf\dwg_batch_tool\regression_semantics\acceptance_inputs\boq.csv,RTU01,RTU-01,RTU01,NORMALIZED_MATCH,0.9,"{""source_file"": ""D:\\github\\ezdxf\\dwg_batch_tool\\regression_semantics\\acceptance_inputs\\drawing.dxf"", ""source_type"": ""CAD"", ""source_location"": ""38"", ""evidence_level"": ""PARSED"", ""object_id"": ""7a3426c2be88:38"", ""object_type"": ""INSERT"", ""name"": ""RTU-01"", ""properties_json"": ""{\""file\"": \""D:\\\\github\\\\ezdxf\\\\dwg_batch_tool\\\\regression_semantics\\\\acceptance_inputs\\\\drawing.dxf\"", \""layer\"": \""0\"", \""block_name\"": \""RTU-01\"", \""x\"": 1.0, \""y\"": 2.0, \""z\"": 3.0, \""rotation\"": 0, \""xscale\"": 1, \""yscale\"": 1, \""zscale\"": 1, \""handle\"": \""38\"", \""context\"": \""\"", \""attributes\"": []}"", ""layer"": ""0"", ""handle"": ""38"", ""x"": 1.0, ""y"": 2.0, ""z"": 3.0, ""context"": """", ""specification"": null, ""raw_name"": ""RTU-01"", ""normalized_name"": ""RTU01""}","{""source_file"": ""D:\\github\\ezdxf\\dwg_batch_tool\\regression_semantics\\acceptance_inputs\\boq.csv"", ""source_type"": ""Excel"", ""source_location"": ""CSV!row:3"", ""evidence_level"": ""PARSED"", ""sheet"": ""CSV"", ""row_number"": 3, ""item_no"": ""2"", ""model"": ""RTU01"", ""specification"": """", ""quantity"": 1.0, ""unit_price"": """", ""amount"": """", ""raw_name"": ""RTU01"", ""normalized_name"": ""RTU01""}","Names/specification statements only; quantity, delivery and requirement compliance are not evaluated.",NAME_NORMALIZED,NOT_EVALUATED,[],1
D:\github\ezdxf\dwg_batch_tool\regression_semantics\acceptance_inputs\drawing.dxf,CrossReference,CAD_OBJECT_VS_BOQ,DERIVED,CAD_OBJECT_VS_BOQ,D:\github\ezdxf\dwg_batch_tool\regression_semantics\acceptance_inputs\drawing.dxf,D:\github\ezdxf\dwg_batch_tool\regression_semantics\acceptance_inputs\boq.csv,RACK02,RACK02,RACK01,UNCERTAIN,0.3,"{""source_file"": ""D:\\github\\ezdxf\\dwg_batch_tool\\regression_semantics\\acceptance_inputs\\drawing.dxf"", ""source_type"": ""CAD"", ""source_location"": ""3D"", ""evidence_level"": ""PARSED"", ""object_id"": ""7a3426c2be88:3D"", ""object_type"": ""INSERT"", ""name"": ""RACK02"", ""properties_json"": ""{\""file\"": \""D:\\\\github\\\\ezdxf\\\\dwg_batch_tool\\\\regression_semantics\\\\acceptance_inputs\\\\drawing.dxf\"", \""layer\"": \""0\"", \""block_name\"": \""RACK02\"", \""x\"": 1.0, \""y\"": 2.0, \""z\"": 3.0, \""rotation\"": 0, \""xscale\"": 1, \""yscale\"": 1, \""zscale\"": 1, \""handle\"": \""3D\"", \""context\"": \""\"", \""attributes\"": []}"", ""layer"": ""0"", ""handle"": ""3D"", ""x"": 1.0, ""y"": 2.0, ""z"": 3.0, ""context"": """", ""specification"": null, ""raw_name"": ""RACK02"", ""normalized_name"": ""RACK02""}","{""source_file"": ""D:\\github\\ezdxf\\dwg_batch_tool\\regression_semantics\\acceptance_inputs\\boq.csv"", ""source_type"": ""Excel"", ""source_location"": ""CSV!row:4"", ""evidence_level"": ""PARSED"", ""sheet"": ""CSV"", ""row_number"": 4, ""item_no"": ""3"", ""model"": ""RACK01"", ""specification"": """", ""quantity"": 1.0, ""unit_price"": """", ""amount"": """", ""raw_name"": ""RACK01"", ""normalized_name"": ""RACK01""}",Unconfirmed candidates; no equipment/compliance conclusion.,NAME_CANDIDATE,NOT_EVALUATED,,1
D:\github\ezdxf\dwg_batch_tool\regression_semantics\acceptance_inputs\model.ifc,CrossReference,IFC_OBJECT_VS_BOQ,DERIVED,IFC_OBJECT_VS_BOQ,D:\github\ezdxf\dwg_batch_tool\regression_semantics\acceptance_inputs\model.ifc,,TRAY01,Tray-01,,MISSING_B,0,"{""source_file"": ""D:\\github\\ezdxf\\dwg_batch_tool\\regression_semantics\\acceptance_inputs\\model.ifc"", ""source_type"": ""IFC"", ""source_location"": ""#1"", ""evidence_level"": ""PARSED"", ""object_id"": ""1"", ""object_type"": ""IfcCableCarrierSegment"", ""name"": ""Tray-01"", ""tag"": null, ""guid"": ""0AbCdEfGhIjKlMnOpQrStU"", ""level"": null, ""space"": null, ""system"": null, ""x"": null, ""y"": null, ""z"": null, ""width"": null, ""height"": null, ""length"": null, ""boq_compare_eligible"": true, ""comparison_role"": ""EQUIPMENT"", ""specification"": null, ""properties_json"": ""{\""ObjectType\"": null, \""Tag\"": null, \""property_sets\"": {}, \""relationships\"": [], \""coordinate_units\"": \""IFC project units\""}"", ""raw_name"": ""Tray-01"", ""normalized_name"": ""TRAY01""}",{},No matching name in supplied BOQ scope.,NO_NAME_EVIDENCE,NOT_EVALUATED,,0
D:\github\ezdxf\dwg_batch_tool\regression_semantics\acceptance_inputs\boq.csv,CrossReference,OBJECT_VS_BOQ,DERIVED,OBJECT_VS_BOQ,,D:\github\ezdxf\dwg_batch_tool\regression_semantics\acceptance_inputs\boq.csv,RACK01,,RACK01,UNCERTAIN,0.3,{},"{""source_file"": ""D:\\github\\ezdxf\\dwg_batch_tool\\regression_semantics\\acceptance_inputs\\boq.csv"", ""source_type"": ""Excel"", ""source_location"": ""CSV!row:4"", ""evidence_level"": ""PARSED"", ""sheet"": ""CSV"", ""row_number"": 4, ""item_no"": ""3"", ""model"": ""RACK01"", ""specification"": """", ""quantity"": 1.0, ""unit_price"": """", ""amount"": """", ""raw_name"": ""RACK01"", ""normalized_name"": ""RACK01""}",Unconfirmed object candidate exists.,NAME_CANDIDATE,NOT_EVALUATED,,
D:\github\ezdxf\dwg_batch_tool\regression_semantics\acceptance_inputs\boq.csv,CrossReference,OBJECT_VS_BOQ,DERIVED,OBJECT_VS_BOQ,,D:\github\ezdxf\dwg_batch_tool\regression_semantics\acceptance_inputs\boq.csv,UNLISTED,,UNLISTED,MISSING_A,0,{},"{""source_file"": ""D:\\github\\ezdxf\\dwg_batch_tool\\regression_semantics\\acceptance_inputs\\boq.csv"", ""source_type"": ""Excel"", ""source_location"": ""CSV!row:5"", ""evidence_level"": ""PARSED"", ""sheet"": ""CSV"", ""row_number"": 5, ""item_no"": ""4"", ""model"": ""UNLISTED"", ""specification"": """", ""quantity"": 1.0, ""unit_price"": """", ""amount"": """", ""raw_name"": ""UNLISTED"", ""normalized_name"": ""UNLISTED""}",No eligible object name in supplied CAD/IFC scope; not proof of a missing physical item.,NO_NAME_EVIDENCE,NOT_EVALUATED,,
D:\github\ezdxf\dwg_batch_tool\regression_semantics\acceptance_inputs\drawing.dxf,CrossReference,CAD_KEYWORD_VS_REQUIREMENT,DERIVED,CAD_KEYWORD_VS_REQUIREMENT,D:\github\ezdxf\dwg_batch_tool\regression_semantics\acceptance_inputs\drawing.dxf,D:\github\ezdxf\dwg_batch_tool\regression_semantics\acceptance_inputs\sow.docx,UPS,UPS-01,must be supplied,RELATED,0.5,"{""source_file"": ""D:\\github\\ezdxf\\dwg_batch_tool\\regression_semantics\\acceptance_inputs\\drawing.dxf"", ""source_type"": ""CAD"", ""source_location"": ""32"", ""evidence_level"": ""PARSED"", ""object_id"": ""7a3426c2be88:32"", ""object_type"": ""INSERT"", ""name"": ""UPS-01"", ""properties_json"": ""{\""file\"": \""D:\\\\github\\\\ezdxf\\\\dwg_batch_tool\\\\regression_semantics\\\\acceptance_inputs\\\\drawing.dxf\"", \""layer\"": \""0\"", \""block_name\"": \""UPS-01\"", \""x\"": 1.0, \""y\"": 2.0, \""z\"": 3.0, \""rotation\"": 0, \""xscale\"": 1, \""yscale\"": 1, \""zscale\"": 1, \""handle\"": \""32\"", \""context\"": \""\"", \""attributes\"": [{\""file\"": \""D:\\\\github\\\\ezdxf\\\\dwg_batch_tool\\\\regression_semantics\\\\acceptance_inputs\\\\drawing.dxf\"", \""layer\"": \""0\"", \""block_name\"": \""UPS-01\"", \""tag\"": \""SPECIFICATION\"", \""text\"": \""Voltage: 220 V\"", \""x\"": 0.0, \""y\"": 0.0, \""z\"": 0.0, \""handle\"": \""34\"", \""parent_handle\"": \""32\""}]}"", ""layer"": ""0"", ""handle"": ""32"", ""x"": 1.0, ""y"": 2.0, ""z"": 3.0, ""context"": """", ""specification"": ""Voltage: 220 V"", ""raw_name"": ""UPS-01"", ""normalized_name"": ""UPS01""}","{""source_file"": ""D:\\github\\ezdxf\\dwg_batch_tool\\regression_semantics\\acceptance_inputs\\sow.docx"", ""source_type"": ""DOCX"", ""source_location"": ""body:2/table:1/row:2"", ""evidence_level"": ""PARSED"", ""requirement_id"": ""body:2/table:1/row:2"", ""section"": ""SCADA supply"", ""requirement_text"": ""must be supplied"", ""original_text"": ""must be supplied"", ""keyword"": ""UPS"", ""status"": ""CANDIDATE"", ""requirement_confidence"": ""high"", ""subject"": ""UPS"", ""table_index"": 1, ""row_number"": 2, ""column_headers_json"": ""[\""Equipment\"", \""Requirement\""]"", ""row_context_json"": ""[{\""column\"": 1, \""header\"": \""Equipment\"", \""text\"": \""UPS\"", \""origin_row\"": 2, \""origin_column\"": 1, \""grid_span\"": 1, \""merged\"": false}, {\""column\"": 2, \""header\"": \""Requirement\"", \""text\"": \""must be supplied\"", \""origin_row\"": 2, \""origin_column\"": 2, \""grid_span\"": 1, \""merged\"": false}]"", ""merged_cells_json"": ""[]"", ""requirement_fragments_json"": ""[{\""column\"": 2, \""header\"": \""Requirement\"", \""text\"": \""must be supplied\"", \""origin_row\"": 2, \""origin_column\"": 2, \""grid_span\"": 1, \""merged\"": false}]""}",Shared keyword only; requirement satisfaction is not evaluated.,KEYWORD_RELATION,INSUFFICIENT_EVIDENCE,,1
D:\github\ezdxf\dwg_batch_tool\regression_semantics\acceptance_inputs\drawing.dxf,CrossReference,CAD_KEYWORD_VS_REQUIREMENT,DERIVED,CAD_KEYWORD_VS_REQUIREMENT,D:\github\ezdxf\dwg_batch_tool\regression_semantics\acceptance_inputs\drawing.dxf,,RTU,RTU-01,,MISSING_B,0,"{""source_file"": ""D:\\github\\ezdxf\\dwg_batch_tool\\regression_semantics\\acceptance_inputs\\drawing.dxf"", ""source_type"": ""CAD"", ""source_location"": ""38"", ""evidence_level"": ""PARSED"", ""object_id"": ""7a3426c2be88:38"", ""object_type"": ""INSERT"", ""name"": ""RTU-01"", ""properties_json"": ""{\""file\"": \""D:\\\\github\\\\ezdxf\\\\dwg_batch_tool\\\\regression_semantics\\\\acceptance_inputs\\\\drawing.dxf\"", \""layer\"": \""0\"", \""block_name\"": \""RTU-01\"", \""x\"": 1.0, \""y\"": 2.0, \""z\"": 3.0, \""rotation\"": 0, \""xscale\"": 1, \""yscale\"": 1, \""zscale\"": 1, \""handle\"": \""38\"", \""context\"": \""\"", \""attributes\"": []}"", ""layer"": ""0"", ""handle"": ""38"", ""x"": 1.0, ""y"": 2.0, ""z"": 3.0, ""context"": """", ""specification"": null, ""raw_name"": ""RTU-01"", ""normalized_name"": ""RTU01""}",{},Shared keyword only; requirement satisfaction is not evaluated.,KEYWORD_RELATION,INSUFFICIENT_EVIDENCE,,0
D:\github\ezdxf\dwg_batch_tool\regression_semantics\acceptance_inputs\drawing.dxf,CrossReference,CAD_KEYWORD_VS_REQUIREMENT,DERIVED,CAD_KEYWORD_VS_REQUIREMENT,D:\github\ezdxf\dwg_batch_tool\regression_semantics\acceptance_inputs\drawing.dxf,,RACK,RACK02,,MISSING_B,0,"{""source_file"": ""D:\\github\\ezdxf\\dwg_batch_tool\\regression_semantics\\acceptance_inputs\\drawing.dxf"", ""source_type"": ""CAD"", ""source_location"": ""3D"", ""evidence_level"": ""PARSED"", ""object_id"": ""7a3426c2be88:3D"", ""object_type"": ""INSERT"", ""name"": ""RACK02"", ""properties_json"": ""{\""file\"": \""D:\\\\github\\\\ezdxf\\\\dwg_batch_tool\\\\regression_semantics\\\\acceptance_inputs\\\\drawing.dxf\"", \""layer\"": \""0\"", \""block_name\"": \""RACK02\"", \""x\"": 1.0, \""y\"": 2.0, \""z\"": 3.0, \""rotation\"": 0, \""xscale\"": 1, \""yscale\"": 1, \""zscale\"": 1, \""handle\"": \""3D\"", \""context\"": \""\"", \""attributes\"": []}"", ""layer"": ""0"", ""handle"": ""3D"", ""x"": 1.0, ""y"": 2.0, ""z"": 3.0, ""context"": """", ""specification"": null, ""raw_name"": ""RACK02"", ""normalized_name"": ""RACK02""}",{},Shared keyword only; requirement satisfaction is not evaluated.,KEYWORD_RELATION,INSUFFICIENT_EVIDENCE,,0
D:\github\ezdxf\dwg_batch_tool\regression_semantics\acceptance_inputs\model.ifc,CrossReference,IFC_SYSTEM_VS_REQUIREMENT,DERIVED,IFC_SYSTEM_VS_REQUIREMENT,D:\github\ezdxf\dwg_batch_tool\regression_semantics\acceptance_inputs\model.ifc,,SCADA,SCADA,,MISSING_B,0,"{""source_file"": ""D:\\github\\ezdxf\\dwg_batch_tool\\regression_semantics\\acceptance_inputs\\model.ifc"", ""source_type"": ""IFC"", ""source_location"": ""#3"", ""evidence_level"": ""PARSED"", ""object_id"": ""3"", ""object_type"": ""IfcDistributionSystem"", ""name"": ""SCADA"", ""tag"": null, ""guid"": ""1xONWmPpjBP8WNgn28oRYR"", ""level"": null, ""space"": null, ""system"": null, ""x"": null, ""y"": null, ""z"": null, ""width"": null, ""height"": null, ""length"": null, ""boq_compare_eligible"": false, ""comparison_role"": ""REFERENCE_ONLY"", ""specification"": null, ""properties_json"": ""{\""ObjectType\"": null, \""Tag\"": null, \""property_sets\"": {}, \""relationships\"": [], \""coordinate_units\"": \""IFC project units\""}"", ""raw_name"": ""SCADA"", ""normalized_name"": ""SCADA""}",{},Shared keyword only; requirement satisfaction is not evaluated.,KEYWORD_RELATION,INSUFFICIENT_EVIDENCE,,0
D:\github\ezdxf\dwg_batch_tool\regression_semantics\acceptance_inputs\clash.xml,CrossReference,CLASH_VS_OBJECT,DERIVED,CLASH_VS_OBJECT,D:\github\ezdxf\dwg_batch_tool\regression_semantics\acceptance_inputs\clash.xml,D:\github\ezdxf\dwg_batch_tool\regression_semantics\acceptance_inputs\model.ifc,0AbCdEfGhIjKlMnOpQrStU,0AbCdEfGhIjKlMnOpQrStU,Tray-01,EXACT_MATCH,1,"{""source_file"": ""D:\\github\\ezdxf\\dwg_batch_tool\\regression_semantics\\acceptance_inputs\\clash.xml"", ""source_type"": ""Navisworks"", ""source_location"": ""clash:1"", ""evidence_level"": ""PARSED"", ""clash_id"": ""exact"", ""clash_name"": ""exact"", ""status"": ""new"", ""distance"": """", ""object_a"": ""0AbCdEfGhIjKlMnOpQrStU"", ""object_b"": ""RTU-01"", ""discipline_a"": """", ""discipline_b"": """", ""path_a"": """", ""path_b"": """", ""object_a_type"": ""GUID"", ""object_b_type"": ""NAME"", ""object_a_source"": null, ""object_b_source"": null, ""x"": """", ""y"": """", ""z"": """", ""properties_json"": ""[{\""GUID\"": \""0AbCdEfGhIjKlMnOpQrStU\""}, {}]"", ""created_date"": """", ""updated_date"": """"}","{""source_file"": ""D:\\github\\ezdxf\\dwg_batch_tool\\regression_semantics\\acceptance_inputs\\model.ifc"", ""source_type"": ""IFC"", ""source_location"": ""#1"", ""evidence_level"": ""PARSED"", ""object_id"": ""1"", ""object_type"": ""IfcCableCarrierSegment"", ""name"": ""Tray-01"", ""tag"": null, ""guid"": ""0AbCdEfGhIjKlMnOpQrStU"", ""level"": null, ""space"": null, ""system"": null, ""x"": null, ""y"": null, ""z"": null, ""width"": null, ""height"": null, ""length"": null, ""boq_compare_eligible"": true, ""comparison_role"": ""EQUIPMENT"", ""specification"": null, ""properties_json"": ""{\""ObjectType\"": null, \""Tag\"": null, \""property_sets\"": {}, \""relationships\"": [], \""coordinate_units\"": \""IFC project units\""}"", ""raw_name"": ""Tray-01"", ""normalized_name"": ""TRAY01""}",object_a: typed identifier/name evidence only; handles require an explicit source file.,GUID_EXACT,NOT_EVALUATED,,1
D:\github\ezdxf\dwg_batch_tool\regression_semantics\acceptance_inputs\clash.xml,CrossReference,CLASH_VS_OBJECT,DERIVED,CLASH_VS_OBJECT,D:\github\ezdxf\dwg_batch_tool\regression_semantics\acceptance_inputs\clash.xml,D:\github\ezdxf\dwg_batch_tool\regression_semantics\acceptance_inputs\drawing.dxf,RTU-01,RTU-01,RTU-01,EXACT_MATCH,1,"{""source_file"": ""D:\\github\\ezdxf\\dwg_batch_tool\\regression_semantics\\acceptance_inputs\\clash.xml"", ""source_type"": ""Navisworks"", ""source_location"": ""clash:1"", ""evidence_level"": ""PARSED"", ""clash_id"": ""exact"", ""clash_name"": ""exact"", ""status"": ""new"", ""distance"": """", ""object_a"": ""0AbCdEfGhIjKlMnOpQrStU"", ""object_b"": ""RTU-01"", ""discipline_a"": """", ""discipline_b"": """", ""path_a"": """", ""path_b"": """", ""object_a_type"": ""GUID"", ""object_b_type"": ""NAME"", ""object_a_source"": null, ""object_b_source"": null, ""x"": """", ""y"": """", ""z"": """", ""properties_json"": ""[{\""GUID\"": \""0AbCdEfGhIjKlMnOpQrStU\""}, {}]"", ""created_date"": """", ""updated_date"": """"}","{""source_file"": ""D:\\github\\ezdxf\\dwg_batch_tool\\regression_semantics\\acceptance_inputs\\drawing.dxf"", ""source_type"": ""CAD"", ""source_location"": ""38"", ""evidence_level"": ""PARSED"", ""object_id"": ""7a3426c2be88:38"", ""object_type"": ""INSERT"", ""name"": ""RTU-01"", ""properties_json"": ""{\""file\"": \""D:\\\\github\\\\ezdxf\\\\dwg_batch_tool\\\\regression_semantics\\\\acceptance_inputs\\\\drawing.dxf\"", \""layer\"": \""0\"", \""block_name\"": \""RTU-01\"", \""x\"": 1.0, \""y\"": 2.0, \""z\"": 3.0, \""rotation\"": 0, \""xscale\"": 1, \""yscale\"": 1, \""zscale\"": 1, \""handle\"": \""38\"", \""context\"": \""\"", \""attributes\"": []}"", ""layer"": ""0"", ""handle"": ""38"", ""x"": 1.0, ""y"": 2.0, ""z"": 3.0, ""context"": """", ""specification"": null, ""raw_name"": ""RTU-01"", ""normalized_name"": ""RTU01""}",object_b: typed identifier/name evidence only; handles require an explicit source file.,NAME,NOT_EVALUATED,,1
D:\github\ezdxf\dwg_batch_tool\regression_semantics\acceptance_inputs\clash.xml,CrossReference,CLASH_VS_OBJECT,DERIVED,CLASH_VS_OBJECT,D:\github\ezdxf\dwg_batch_tool\regression_semantics\acceptance_inputs\clash.xml,,0aBcDeFgHiJkLmNoPqRsTu,0aBcDeFgHiJkLmNoPqRsTu,,MISSING_B,0,"{""source_file"": ""D:\\github\\ezdxf\\dwg_batch_tool\\regression_semantics\\acceptance_inputs\\clash.xml"", ""source_type"": ""Navisworks"", ""source_location"": ""clash:2"", ""evidence_level"": ""PARSED"", ""clash_id"": ""different_case"", ""clash_name"": ""different_case"", ""status"": ""new"", ""distance"": """", ""object_a"": ""0aBcDeFgHiJkLmNoPqRsTu"", ""object_b"": ""RTU-01"", ""discipline_a"": """", ""discipline_b"": """", ""path_a"": """", ""path_b"": """", ""object_a_type"": ""GUID"", ""object_b_type"": ""NAME"", ""object_a_source"": null, ""object_b_source"": null, ""x"": """", ""y"": """", ""z"": """", ""properties_json"": ""[{\""GUID\"": \""0aBcDeFgHiJkLmNoPqRsTu\""}, {}]"", ""created_date"": """", ""updated_date"": """"}",{},object_a: typed identifier/name evidence only; handles require an explicit source file.,GUID_EXACT,NOT_EVALUATED,,0
D:\github\ezdxf\dwg_batch_tool\regression_semantics\acceptance_inputs\clash.xml,CrossReference,CLASH_VS_OBJECT,DERIVED,CLASH_VS_OBJECT,D:\github\ezdxf\dwg_batch_tool\regression_semantics\acceptance_inputs\clash.xml,D:\github\ezdxf\dwg_batch_tool\regression_semantics\acceptance_inputs\drawing.dxf,RTU-01,RTU-01,RTU-01,EXACT_MATCH,1,"{""source_file"": ""D:\\github\\ezdxf\\dwg_batch_tool\\regression_semantics\\acceptance_inputs\\clash.xml"", ""source_type"": ""Navisworks"", ""source_location"": ""clash:2"", ""evidence_level"": ""PARSED"", ""clash_id"": ""different_case"", ""clash_name"": ""different_case"", ""status"": ""new"", ""distance"": """", ""object_a"": ""0aBcDeFgHiJkLmNoPqRsTu"", ""object_b"": ""RTU-01"", ""discipline_a"": """", ""discipline_b"": """", ""path_a"": """", ""path_b"": """", ""object_a_type"": ""GUID"", ""object_b_type"": ""NAME"", ""object_a_source"": null, ""object_b_source"": null, ""x"": """", ""y"": """", ""z"": """", ""properties_json"": ""[{\""GUID\"": \""0aBcDeFgHiJkLmNoPqRsTu\""}, {}]"", ""created_date"": """", ""updated_date"": """"}","{""source_file"": ""D:\\github\\ezdxf\\dwg_batch_tool\\regression_semantics\\acceptance_inputs\\drawing.dxf"", ""source_type"": ""CAD"", ""source_location"": ""38"", ""evidence_level"": ""PARSED"", ""object_id"": ""7a3426c2be88:38"", ""object_type"": ""INSERT"", ""name"": ""RTU-01"", ""properties_json"": ""{\""file\"": \""D:\\\\github\\\\ezdxf\\\\dwg_batch_tool\\\\regression_semantics\\\\acceptance_inputs\\\\drawing.dxf\"", \""layer\"": \""0\"", \""block_name\"": \""RTU-01\"", \""x\"": 1.0, \""y\"": 2.0, \""z\"": 3.0, \""rotation\"": 0, \""xscale\"": 1, \""yscale\"": 1, \""zscale\"": 1, \""handle\"": \""38\"", \""context\"": \""\"", \""attributes\"": []}"", ""layer"": ""0"", ""handle"": ""38"", ""x"": 1.0, ""y"": 2.0, ""z"": 3.0, ""context"": """", ""specification"": null, ""raw_name"": ""RTU-01"", ""normalized_name"": ""RTU01""}",object_b: typed identifier/name evidence only; handles require an explicit source file.,NAME,NOT_EVALUATED,,1
