source_file,source_type,source_location,evidence_level,object_id,object_type,name,raw_name,normalized_name,system,layer,level,space,guid,handle,x,y,z,width,height,length,properties_json,specification,boq_compare_eligible,comparison_role,tag
D:\github\ezdxf\dwg_batch_tool\demo_multiformat\input\drawing.dxf,CAD,34,PARSED,7d92bd37c810:34,TEXT,SCADA RTU PANEL,SCADA RTU PANEL,SCADARTUPANEL,,0,,,,34,0.0,0.0,0.0,,,,"{""file"": ""D:\\github\\ezdxf\\dwg_batch_tool\\demo_multiformat\\input\\drawing.dxf"", ""layer"": ""0"", ""entity_type"": ""TEXT"", ""text"": ""SCADA RTU PANEL"", ""x"": 0.0, ""y"": 0.0, ""z"": 0.0, ""rotation"": 0, ""handle"": ""34"", ""context"": """", ""text_quality"": ""OK""}",,,,
D:\github\ezdxf\dwg_batch_tool\demo_multiformat\input\drawing.dxf,CAD,32,PARSED,7d92bd37c810:32,INSERT,RTU-01,RTU-01,RTU01,,0,,,,32,1.0,2.0,3.0,,,,"{""file"": ""D:\\github\\ezdxf\\dwg_batch_tool\\demo_multiformat\\input\\drawing.dxf"", ""layer"": ""0"", ""block_name"": ""RTU-01"", ""x"": 1.0, ""y"": 2.0, ""z"": 3.0, ""rotation"": 0, ""xscale"": 1, ""yscale"": 1, ""zscale"": 1, ""handle"": ""32"", ""context"": """", ""attributes"": []}",,,,
D:\github\ezdxf\dwg_batch_tool\demo_multiformat\input\model.ifc,IFC,#2,PARSED,2,IfcDistributionSystem,SCADA,SCADA,SCADA,,,,,0o5iGJ8uj1HuutdlTYAjfk,,,,,,,,"{""ObjectType"": null, ""Tag"": null, ""property_sets"": {}, ""relationships"": [], ""coordinate_units"": ""IFC project units""}",,False,REFERENCE_ONLY,
D:\github\ezdxf\dwg_batch_tool\demo_multiformat\input\model.ifc,IFC,#1,PARSED,1,IfcCableCarrierSegment,TRAY_X600,TRAY_X600,TRAYX600,,,,,0ud2j8XaT85uThpsZC_9gl,,,,,,,,"{""ObjectType"": null, ""Tag"": null, ""property_sets"": {}, ""relationships"": [], ""coordinate_units"": ""IFC project units""}",,True,EQUIPMENT,
D:\github\ezdxf\dwg_batch_tool\demo_multiformat\input\model.ifc,IFC,#3,PARSED,3,IfcSpace,Equipment Room,Equipment Room,EQUIPMENTROOM,,,,,3Pp8nyyP14o9zcp86iaTJj,,,,,,,,"{""ObjectType"": null, ""Tag"": null, ""property_sets"": {}, ""relationships"": [], ""coordinate_units"": ""IFC project units""}",,False,REFERENCE_ONLY,
D:\github\ezdxf\dwg_batch_tool\demo_multiformat\input\sample.dwg,CAD,2DA,PARSED,3b2cee54c20d:2DA,TEXT,RTU-01 Panel,RTU-01 Panel,RTU01PANEL,,SCADA_TEST,,,,2DA,10.0,10.0,0.0,,,,"{""file"": ""D:\\github\\ezdxf\\dwg_batch_tool\\demo_multiformat\\input\\sample.dwg"", ""layer"": ""SCADA_TEST"", ""entity_type"": ""TEXT"", ""text"": ""RTU-01 Panel"", ""x"": 10.0, ""y"": 10.0, ""z"": 0.0, ""rotation"": 0, ""handle"": ""2DA"", ""context"": """", ""text_quality"": ""OK""}",,,,
D:\github\ezdxf\dwg_batch_tool\demo_multiformat\input\sample.dwg,CAD,2DB,PARSED,3b2cee54c20d:2DB,MTEXT,"UPS SB12 RACK
中文測試","UPS SB12 RACK
中文測試",UPSSB12RACK中文測試,,SCADA_TEST,,,,2DB,20.0,30.0,0.0,,,,"{""file"": ""D:\\github\\ezdxf\\dwg_batch_tool\\demo_multiformat\\input\\sample.dwg"", ""layer"": ""SCADA_TEST"", ""entity_type"": ""MTEXT"", ""text"": ""UPS SB12 RACK\n中文測試"", ""x"": 20.0, ""y"": 30.0, ""z"": 0.0, ""rotation"": 0, ""handle"": ""2DB"", ""context"": """", ""text_quality"": ""OK""}",,,,
D:\github\ezdxf\dwg_batch_tool\demo_multiformat\input\sample.dwg,CAD,2E5,PARSED,3b2cee54c20d:2E5,ATTRIB,PLC-A1,PLC-A1,PLCA1,,SCADA_TEST,,,,2E5,80.0,80.0,0.0,,,,"{""file"": ""D:\\github\\ezdxf\\dwg_batch_tool\\demo_multiformat\\input\\sample.dwg"", ""layer"": ""SCADA_TEST"", ""entity_type"": ""ATTRIB"", ""text"": ""PLC-A1"", ""x"": 80.0, ""y"": 80.0, ""z"": 0.0, ""rotation"": 0, ""handle"": ""2E5"", ""context"": ""tag=TAG1"", ""text_quality"": ""OK""}",,,,
D:\github\ezdxf\dwg_batch_tool\demo_multiformat\input\sample.dwg,CAD,2E3,PARSED,3b2cee54c20d:2E3,INSERT,BLK_PLC,BLK_PLC,BLKPLC,,SCADA_TEST,,,,2E3,80.0,80.0,0.0,,,,"{""file"": ""D:\\github\\ezdxf\\dwg_batch_tool\\demo_multiformat\\input\\sample.dwg"", ""layer"": ""SCADA_TEST"", ""block_name"": ""BLK_PLC"", ""x"": 80.0, ""y"": 80.0, ""z"": 0.0, ""rotation"": 0, ""xscale"": 1, ""yscale"": 1, ""zscale"": 1, ""handle"": ""2E3"", ""context"": """", ""attributes"": [{""file"": ""D:\\github\\ezdxf\\dwg_batch_tool\\demo_multiformat\\input\\sample.dwg"", ""layer"": ""SCADA_TEST"", ""block_name"": ""BLK_PLC"", ""tag"": ""TAG1"", ""text"": ""PLC-A1"", ""x"": 80.0, ""y"": 80.0, ""z"": 0.0, ""handle"": ""2E5"", ""parent_handle"": ""2E3""}]}",,,,
